country,iso_code,date,total_vaccinations,people_vaccinated,people_fully_vaccinated,daily_vaccinations_raw,daily_vaccinations,total_vaccinations_per_hundred,people_vaccinated_per_hundred,people_fully_vaccinated_per_hundred,daily_vaccinations_per_million,vaccines,source_name,source_website
Afghanistan,AFG,2021-02-22,0.0,0.0,,,,0.0,0.0,,,"Johnson&Johnson, Oxford/AstraZeneca, Pfizer/BioNTech, Sinopharm/Beijing",World Health Organization,https://covid19.who.int/
Afghanistan,AFG,2021-02-23,,,,,1367.0,,,,34.0,"Johnson&Johnson, Oxford/AstraZeneca, Pfizer/BioNTech, Sinopharm/Beijing",World Health Organization,https://covid19.who.int/
Afghanistan,AFG,2021-02-24,,,,,1367.0,,,,34.0,"Johnson&Johnson, Oxford/AstraZeneca, Pfizer/BioNTech, Sinopharm/Beijing",World Health Organization,https://covid19.who.int/
Afghanistan,AFG,2021-02-25,,,,,1367.0,,,,34.0,"Johnson&Johnson, Oxford/AstraZeneca, Pfizer/BioNTech, Sinopharm/Beijing",World Health Organization,https://covid19.who.int/
Afghanistan,AFG,2021-02-26,,,,,1367.0,,,,34.0,"Johnson&Johnson, Oxford/AstraZeneca, Pfizer/BioNTech, Sinopharm/Beijing",World Health Organization,https://covid19.who.int/
Afghanistan,AFG,2021-02-27,,,,,1367.0,,,,34.0,"Johnson&Johnson, Oxford/AstraZeneca, Pfizer/BioNTech, Sinopharm/Beijing",World Health Organization,https://covid19.who.int/
Afghanistan,AFG,2021-02-28,8200.0,8200.0,,,1367.0,0.02,0.02,,34.0,"Johnson&Johnson, Oxford/AstraZeneca, Pfizer/BioNTech, Sinopharm/Beijing",World Health Organization,https://covid19.who.int/
Afghanistan,AFG,2021-03-01,,,,,1580.0,,,,40.0,"Johnson&Johnson, Oxford/AstraZeneca, Pfizer/BioNTech, Sinopharm/Beijing",World Health Organization,https://covid19.who.int/
Afghanistan,AFG,2021-03-02,,,,,1794.0,,,,45.0,"Johnson&Johnson, Oxford/AstraZeneca, Pfizer/BioNTech, Sinopharm/Beijing",World Health Organization,https://covid19.who.int/
Afghanistan,AFG,2021-03-03,,,,,2008.0,,,,50.0,"Johnson&Johnson, Oxford/AstraZeneca, Pfizer/BioNTech, Sinopharm/Beijing",World Health Organization,https://covid19.who.int/
Afghanistan,AFG,2021-03-04,,,,,2221.0,,,,56.0,"Johnson&Johnson, Oxford/AstraZeneca, Pfizer/BioNTech, Sinopharm/Beijing",World Health Organization,https://covid19.who.int/
Afghanistan,AFG,2021-03-05,,,,,2435.0,,,,61.0,"Johnson&Johnson, Oxford/AstraZeneca, Pfizer/BioNTech, Sinopharm/Beijing",World Health Organization,https://covid19.who.int/
Afghanistan,AFG,2021-03-06,,,,,2649.0,,,,66.0,"Johnson&Johnson, Oxford/AstraZeneca, Pfizer/BioNTech, Sinopharm/Beijing",World Health Organization,https://covid19.who.int/
Afghanistan,AFG,2021-03-07,,,,,2862.0,,,,72.0,"Johnson&Johnson, Oxford/AstraZeneca, Pfizer/BioNTech, Sinopharm/Beijing",World Health Organization,https://covid19.who.int/
Afghanistan,AFG,2021-03-08,,,,,2862.0,,,,72.0,"Johnson&Johnson, Oxford/AstraZeneca, Pfizer/BioNTech, Sinopharm/Beijing",World Health Organization,https://covid19.who.int/
Afghanistan,AFG,2021-03-09,,,,,2862.0,,,,72.0,"Johnson&Johnson, Oxford/AstraZeneca, Pfizer/BioNTech, Sinopharm/Beijing",World Health Organization,https://covid19.who.int/
Afghanistan,AFG,2021-03-10,,,,,2862.0,,,,72.0,"Johnson&Johnson, Oxford/AstraZeneca, Pfizer/BioNTech, Sinopharm/Beijing",World Health Organization,https://covid19.who.int/
Afghanistan,AFG,2021-03-11,,,,,2862.0,,,,72.0,"Johnson&Johnson, Oxford/AstraZeneca, Pfizer/BioNTech, Sinopharm/Beijing",World Health Organization,https://covid19.who.int/
Afghanistan,AFG,2021-03-12,,,,,2862.0,,,,72.0,"Johnson&Johnson, Oxford/AstraZeneca, Pfizer/BioNTech, Sinopharm/Beijing",World Health Organization,https://covid19.who.int/
Afghanistan,AFG,2021-03-13,,,,,2862.0,,,,72.0,"Johnson&Johnson, Oxford/AstraZeneca, Pfizer/BioNTech, Sinopharm/Beijing",World Health Organization,https://covid19.who.int/
Afghanistan,AFG,2021-03-14,,,,,2862.0,,,,72.0,"Johnson&Johnson, Oxford/AstraZeneca, Pfizer/BioNTech, Sinopharm/Beijing",World Health Organization,https://covid19.who.int/
Afghanistan,AFG,2021-03-15,,,,,2862.0,,,,72.0,"Johnson&Johnson, Oxford/AstraZeneca, Pfizer/BioNTech, Sinopharm/Beijing",World Health Organization,https://covid19.who.int/
Afghanistan,AFG,2021-03-16,54000.0,54000.0,,,2862.0,0.14,0.14,,72.0,"Johnson&Johnson, Oxford/AstraZeneca, Pfizer/BioNTech, Sinopharm/Beijing",World Health Organization,https://covid19.who.int/
Afghanistan,AFG,2021-03-17,,,,,2882.0,,,,72.0,"Johnson&Johnson, Oxford/AstraZeneca, Pfizer/BioNTech, Sinopharm/Beijing",World Health Organization,https://covid19.who.int/
Afghanistan,AFG,2021-03-18,,,,,2902.0,,,,73.0,"Johnson&Johnson, Oxford/AstraZeneca, Pfizer/BioNTech, Sinopharm/Beijing",World Health Organization,https://covid19.who.int/
Afghanistan,AFG,2021-03-19,,,,,2921.0,,,,73.0,"Johnson&Johnson, Oxford/AstraZeneca, Pfizer/BioNTech, Sinopharm/Beijing",World Health Organization,https://covid19.who.int/
Afghanistan,AFG,2021-03-20,,,,,2941.0,,,,74.0,"Johnson&Johnson, Oxford/AstraZeneca, Pfizer/BioNTech, Sinopharm/Beijing",World Health Organization,https://covid19.who.int/
Afghanistan,AFG,2021-03-21,,,,,2961.0,,,,74.0,"Johnson&Johnson, Oxford/AstraZeneca, Pfizer/BioNTech, Sinopharm/Beijing",World Health Organization,https://covid19.who.int/
Afghanistan,AFG,2021-03-22,,,,,2980.0,,,,75.0,"Johnson&Johnson, Oxford/AstraZeneca, Pfizer/BioNTech, Sinopharm/Beijing",World Health Organization,https://covid19.who.int/
Afghanistan,AFG,2021-03-23,,,,,3000.0,,,,75.0,"Johnson&Johnson, Oxford/AstraZeneca, Pfizer/BioNTech, Sinopharm/Beijing",World Health Organization,https://covid19.who.int/
Afghanistan,AFG,2021-03-24,,,,,3000.0,,,,75.0,"Johnson&Johnson, Oxford/AstraZeneca, Pfizer/BioNTech, Sinopharm/Beijing",World Health Organization,https://covid19.who.int/
Afghanistan,AFG,2021-03-25,,,,,3000.0,,,,75.0,"Johnson&Johnson, Oxford/AstraZeneca, Pfizer/BioNTech, Sinopharm/Beijing",World Health Organization,https://covid19.who.int/
Afghanistan,AFG,2021-03-26,,,,,3000.0,,,,75.0,"Johnson&Johnson, Oxford/AstraZeneca, Pfizer/BioNTech, Sinopharm/Beijing",World Health Organization,https://covid19.who.int/
Afghanistan,AFG,2021-03-27,,,,,3000.0,,,,75.0,"Johnson&Johnson, Oxford/AstraZeneca, Pfizer/BioNTech, Sinopharm/Beijing",World Health Organization,https://covid19.who.int/
Afghanistan,AFG,2021-03-28,,,,,3000.0,,,,75.0,"Johnson&Johnson, Oxford/AstraZeneca, Pfizer/BioNTech, Sinopharm/Beijing",World Health Organization,https://covid19.who.int/
Afghanistan,AFG,2021-03-29,,,,,3000.0,,,,75.0,"Johnson&Johnson, Oxford/AstraZeneca, Pfizer/BioNTech, Sinopharm/Beijing",World Health Organization,https://covid19.who.int/
Afghanistan,AFG,2021-03-30,,,,,3000.0,,,,75.0,"Johnson&Johnson, Oxford/AstraZeneca, Pfizer/BioNTech, Sinopharm/Beijing",World Health Organization,https://covid19.who.int/
Afghanistan,AFG,2021-03-31,,,,,3000.0,,,,75.0,"Johnson&Johnson, Oxford/AstraZeneca, Pfizer/BioNTech, Sinopharm/Beijing",World Health Organization,https://covid19.who.int/
Afghanistan,AFG,2021-04-01,,,,,3000.0,,,,75.0,"Johnson&Johnson, Oxford/AstraZeneca, Pfizer/BioNTech, Sinopharm/Beijing",World Health Organization,https://covid19.who.int/
Afghanistan,AFG,2021-04-02,,,,,3000.0,,,,75.0,"Johnson&Johnson, Oxford/AstraZeneca, Pfizer/BioNTech, Sinopharm/Beijing",World Health Organization,https://covid19.who.int/
Afghanistan,AFG,2021-04-03,,,,,3000.0,,,,75.0,"Johnson&Johnson, Oxford/AstraZeneca, Pfizer/BioNTech, Sinopharm/Beijing",World Health Organization,https://covid19.who.int/
Afghanistan,AFG,2021-04-04,,,,,3000.0,,,,75.0,"Johnson&Johnson, Oxford/AstraZeneca, Pfizer/BioNTech, Sinopharm/Beijing",World Health Organization,https://covid19.who.int/
Afghanistan,AFG,2021-04-05,,,,,3000.0,,,,75.0,"Johnson&Johnson, Oxford/AstraZeneca, Pfizer/BioNTech, Sinopharm/Beijing",World Health Organization,https://covid19.who.int/
Afghanistan,AFG,2021-04-06,,,,,3000.0,,,,75.0,"Johnson&Johnson, Oxford/AstraZeneca, Pfizer/BioNTech, Sinopharm/Beijing",World Health Organization,https://covid19.who.int/
Afghanistan,AFG,2021-04-07,120000.0,120000.0,,,3000.0,0.3,0.3,,75.0,"Johnson&Johnson, Oxford/AstraZeneca, Pfizer/BioNTech, Sinopharm/Beijing",World Health Organization,https://covid19.who.int/
Afghanistan,AFG,2021-04-08,,,,,3714.0,,,,93.0,"Johnson&Johnson, Oxford/AstraZeneca, Pfizer/BioNTech, Sinopharm/Beijing",World Health Organization,https://covid19.who.int/
Afghanistan,AFG,2021-04-09,,,,,4429.0,,,,111.0,"Johnson&Johnson, Oxford/AstraZeneca, Pfizer/BioNTech, Sinopharm/Beijing",World Health Organization,https://covid19.who.int/
Afghanistan,AFG,2021-04-10,,,,,5143.0,,,,129.0,"Johnson&Johnson, Oxford/AstraZeneca, Pfizer/BioNTech, Sinopharm/Beijing",World Health Organization,https://covid19.who.int/
Afghanistan,AFG,2021-04-11,,,,,5857.0,,,,147.0,"Johnson&Johnson, Oxford/AstraZeneca, Pfizer/BioNTech, Sinopharm/Beijing",World Health Organization,https://covid19.who.int/
Afghanistan,AFG,2021-04-12,,,,,6571.0,,,,165.0,"Johnson&Johnson, Oxford/AstraZeneca, Pfizer/BioNTech, Sinopharm/Beijing",World Health Organization,https://covid19.who.int/
Afghanistan,AFG,2021-04-13,,,,,7286.0,,,,183.0,"Johnson&Johnson, Oxford/AstraZeneca, Pfizer/BioNTech, Sinopharm/Beijing",World Health Organization,https://covid19.who.int/
Afghanistan,AFG,2021-04-14,,,,,8000.0,,,,201.0,"Johnson&Johnson, Oxford/AstraZeneca, Pfizer/BioNTech, Sinopharm/Beijing",World Health Organization,https://covid19.who.int/
Afghanistan,AFG,2021-04-15,,,,,8000.0,,,,201.0,"Johnson&Johnson, Oxford/AstraZeneca, Pfizer/BioNTech, Sinopharm/Beijing",World Health Organization,https://covid19.who.int/
Afghanistan,AFG,2021-04-16,,,,,8000.0,,,,201.0,"Johnson&Johnson, Oxford/AstraZeneca, Pfizer/BioNTech, Sinopharm/Beijing",World Health Organization,https://covid19.who.int/
Afghanistan,AFG,2021-04-17,,,,,8000.0,,,,201.0,"Johnson&Johnson, Oxford/AstraZeneca, Pfizer/BioNTech, Sinopharm/Beijing",World Health Organization,https://covid19.who.int/
Afghanistan,AFG,2021-04-18,,,,,8000.0,,,,201.0,"Johnson&Johnson, Oxford/AstraZeneca, Pfizer/BioNTech, Sinopharm/Beijing",World Health Organization,https://covid19.who.int/
Afghanistan,AFG,2021-04-19,,,,,8000.0,,,,201.0,"Johnson&Johnson, Oxford/AstraZeneca, Pfizer/BioNTech, Sinopharm/Beijing",World Health Organization,https://covid19.who.int/
Afghanistan,AFG,2021-04-20,,,,,8000.0,,,,201.0,"Johnson&Johnson, Oxford/AstraZeneca, Pfizer/BioNTech, Sinopharm/Beijing",World Health Organization,https://covid19.who.int/
Afghanistan,AFG,2021-04-21,,,,,8000.0,,,,201.0,"Johnson&Johnson, Oxford/AstraZeneca, Pfizer/BioNTech, Sinopharm/Beijing",World Health Organization,https://covid19.who.int/
Afghanistan,AFG,2021-04-22,240000.0,240000.0,,,8000.0,0.6,0.6,,201.0,"Johnson&Johnson, Oxford/AstraZeneca, Pfizer/BioNTech, Sinopharm/Beijing",World Health Organization,https://covid19.who.int/
Afghanistan,AFG,2021-04-23,,,,,8846.0,,,,222.0,"Johnson&Johnson, Oxford/AstraZeneca, Pfizer/BioNTech, Sinopharm/Beijing",World Health Organization,https://covid19.who.int/
Afghanistan,AFG,2021-04-24,,,,,9692.0,,,,243.0,"Johnson&Johnson, Oxford/AstraZeneca, Pfizer/BioNTech, Sinopharm/Beijing",World Health Organization,https://covid19.who.int/
Afghanistan,AFG,2021-04-25,,,,,10538.0,,,,265.0,"Johnson&Johnson, Oxford/AstraZeneca, Pfizer/BioNTech, Sinopharm/Beijing",World Health Organization,https://covid19.who.int/
Afghanistan,AFG,2021-04-26,,,,,11384.0,,,,286.0,"Johnson&Johnson, Oxford/AstraZeneca, Pfizer/BioNTech, Sinopharm/Beijing",World Health Organization,https://covid19.who.int/
Afghanistan,AFG,2021-04-27,,,,,12229.0,,,,307.0,"Johnson&Johnson, Oxford/AstraZeneca, Pfizer/BioNTech, Sinopharm/Beijing",World Health Organization,https://covid19.who.int/
Afghanistan,AFG,2021-04-28,,,,,13075.0,,,,328.0,"Johnson&Johnson, Oxford/AstraZeneca, Pfizer/BioNTech, Sinopharm/Beijing",World Health Organization,https://covid19.who.int/
Afghanistan,AFG,2021-04-29,,,,,13921.0,,,,349.0,"Johnson&Johnson, Oxford/AstraZeneca, Pfizer/BioNTech, Sinopharm/Beijing",World Health Organization,https://covid19.who.int/
Afghanistan,AFG,2021-04-30,,,,,13921.0,,,,349.0,"Johnson&Johnson, Oxford/AstraZeneca, Pfizer/BioNTech, Sinopharm/Beijing",World Health Organization,https://covid19.who.int/
Afghanistan,AFG,2021-05-01,,,,,13921.0,,,,349.0,"Johnson&Johnson, Oxford/AstraZeneca, Pfizer/BioNTech, Sinopharm/Beijing",World Health Organization,https://covid19.who.int/
Afghanistan,AFG,2021-05-02,,,,,13921.0,,,,349.0,"Johnson&Johnson, Oxford/AstraZeneca, Pfizer/BioNTech, Sinopharm/Beijing",World Health Organization,https://covid19.who.int/
Afghanistan,AFG,2021-05-03,,,,,13921.0,,,,349.0,"Johnson&Johnson, Oxford/AstraZeneca, Pfizer/BioNTech, Sinopharm/Beijing",World Health Organization,https://covid19.who.int/
Afghanistan,AFG,2021-05-04,,,,,13921.0,,,,349.0,"Johnson&Johnson, Oxford/AstraZeneca, Pfizer/BioNTech, Sinopharm/Beijing",World Health Organization,https://covid19.who.int/
Afghanistan,AFG,2021-05-05,,,,,13921.0,,,,349.0,"Johnson&Johnson, Oxford/AstraZeneca, Pfizer/BioNTech, Sinopharm/Beijing",World Health Organization,https://covid19.who.int/
Afghanistan,AFG,2021-05-06,,,,,13921.0,,,,349.0,"Johnson&Johnson, Oxford/AstraZeneca, Pfizer/BioNTech, Sinopharm/Beijing",World Health Organization,https://covid19.who.int/
Afghanistan,AFG,2021-05-07,,,,,13921.0,,,,349.0,"Johnson&Johnson, Oxford/AstraZeneca, Pfizer/BioNTech, Sinopharm/Beijing",World Health Organization,https://covid19.who.int/
Afghanistan,AFG,2021-05-08,,,,,13921.0,,,,349.0,"Johnson&Johnson, Oxford/AstraZeneca, Pfizer/BioNTech, Sinopharm/Beijing",World Health Organization,https://covid19.who.int/
Afghanistan,AFG,2021-05-09,,,,,13921.0,,,,349.0,"Johnson&Johnson, Oxford/AstraZeneca, Pfizer/BioNTech, Sinopharm/Beijing",World Health Organization,https://covid19.who.int/
Afghanistan,AFG,2021-05-10,,,,,13921.0,,,,349.0,"Johnson&Johnson, Oxford/AstraZeneca, Pfizer/BioNTech, Sinopharm/Beijing",World Health Organization,https://covid19.who.int/
Afghanistan,AFG,2021-05-11,504502.0,448878.0,55624.0,,13921.0,1.27,1.13,0.14,349.0,"Johnson&Johnson, Oxford/AstraZeneca, Pfizer/BioNTech, Sinopharm/Beijing",World Health Organization,https://covid19.who.int/
Afghanistan,AFG,2021-05-12,,,,,12621.0,,,,317.0,"Johnson&Johnson, Oxford/AstraZeneca, Pfizer/BioNTech, Sinopharm/Beijing",World Health Organization,https://covid19.who.int/
Afghanistan,AFG,2021-05-13,,,,,11321.0,,,,284.0,"Johnson&Johnson, Oxford/AstraZeneca, Pfizer/BioNTech, Sinopharm/Beijing",World Health Organization,https://covid19.who.int/
Afghanistan,AFG,2021-05-14,,,,,10022.0,,,,252.0,"Johnson&Johnson, Oxford/AstraZeneca, Pfizer/BioNTech, Sinopharm/Beijing",World Health Organization,https://covid19.who.int/
Afghanistan,AFG,2021-05-15,,,,,8722.0,,,,219.0,"Johnson&Johnson, Oxford/AstraZeneca, Pfizer/BioNTech, Sinopharm/Beijing",World Health Organization,https://covid19.who.int/
Afghanistan,AFG,2021-05-16,,,,,7422.0,,,,186.0,"Johnson&Johnson, Oxford/AstraZeneca, Pfizer/BioNTech, Sinopharm/Beijing",World Health Organization,https://covid19.who.int/
Afghanistan,AFG,2021-05-17,,,,,6122.0,,,,154.0,"Johnson&Johnson, Oxford/AstraZeneca, Pfizer/BioNTech, Sinopharm/Beijing",World Health Organization,https://covid19.who.int/
Afghanistan,AFG,2021-05-18,,,,,4822.0,,,,121.0,"Johnson&Johnson, Oxford/AstraZeneca, Pfizer/BioNTech, Sinopharm/Beijing",World Health Organization,https://covid19.who.int/
Afghanistan,AFG,2021-05-19,,,,,4822.0,,,,121.0,"Johnson&Johnson, Oxford/AstraZeneca, Pfizer/BioNTech, Sinopharm/Beijing",World Health Organization,https://covid19.who.int/
Afghanistan,AFG,2021-05-20,547901.0,470341.0,77560.0,,4822.0,1.38,1.18,0.19,121.0,"Johnson&Johnson, Oxford/AstraZeneca, Pfizer/BioNTech, Sinopharm/Beijing",World Health Organization,https://covid19.who.int/
Afghanistan,AFG,2021-05-21,,,,,5040.0,,,,127.0,"Johnson&Johnson, Oxford/AstraZeneca, Pfizer/BioNTech, Sinopharm/Beijing",World Health Organization,https://covid19.who.int/
Afghanistan,AFG,2021-05-22,,,,,5257.0,,,,132.0,"Johnson&Johnson, Oxford/AstraZeneca, Pfizer/BioNTech, Sinopharm/Beijing",World Health Organization,https://covid19.who.int/
Afghanistan,AFG,2021-05-23,,,,,5474.0,,,,137.0,"Johnson&Johnson, Oxford/AstraZeneca, Pfizer/BioNTech, Sinopharm/Beijing",World Health Organization,https://covid19.who.int/
Afghanistan,AFG,2021-05-24,573277.0,476367.0,96910.0,,5692.0,1.44,1.2,0.24,143.0,"Johnson&Johnson, Oxford/AstraZeneca, Pfizer/BioNTech, Sinopharm/Beijing",World Health Organization,https://covid19.who.int/
Afghanistan,AFG,2021-05-25,,,,,6230.0,,,,156.0,"Johnson&Johnson, Oxford/AstraZeneca, Pfizer/BioNTech, Sinopharm/Beijing",World Health Organization,https://covid19.who.int/
Afghanistan,AFG,2021-05-26,590454.0,479372.0,111082.0,,6768.0,1.48,1.2,0.28,170.0,"Johnson&Johnson, Oxford/AstraZeneca, Pfizer/BioNTech, Sinopharm/Beijing",World Health Organization,https://covid19.who.int/
Afghanistan,AFG,2021-05-27,593313.0,479574.0,113739.0,2859.0,6487.0,1.49,1.2,0.29,163.0,"Johnson&Johnson, Oxford/AstraZeneca, Pfizer/BioNTech, Sinopharm/Beijing",World Health Organization,https://covid19.who.int/
Afghanistan,AFG,2021-05-28,,,,,5907.0,,,,148.0,"Johnson&Johnson, Oxford/AstraZeneca, Pfizer/BioNTech, Sinopharm/Beijing",World Health Organization,https://covid19.who.int/
Afghanistan,AFG,2021-05-29,,,,,5326.0,,,,134.0,"Johnson&Johnson, Oxford/AstraZeneca, Pfizer/BioNTech, Sinopharm/Beijing",World Health Organization,https://covid19.who.int/
Afghanistan,AFG,2021-05-30,600152.0,480226.0,119926.0,,4746.0,1.51,1.21,0.3,119.0,"Johnson&Johnson, Oxford/AstraZeneca, Pfizer/BioNTech, Sinopharm/Beijing",World Health Organization,https://covid19.who.int/
Afghanistan,AFG,2021-05-31,,,,,5084.0,,,,128.0,"Johnson&Johnson, Oxford/AstraZeneca, Pfizer/BioNTech, Sinopharm/Beijing",World Health Organization,https://covid19.who.int/
Afghanistan,AFG,2021-06-01,,,,,5102.0,,,,128.0,"Johnson&Johnson, Oxford/AstraZeneca, Pfizer/BioNTech, Sinopharm/Beijing",World Health Organization,https://covid19.who.int/
Afghanistan,AFG,2021-06-02,626290.0,481690.0,144600.0,,5119.0,1.57,1.21,0.36,129.0,"Johnson&Johnson, Oxford/AstraZeneca, Pfizer/BioNTech, Sinopharm/Beijing",World Health Organization,https://covid19.who.int/
Afghanistan,AFG,2021-06-03,630305.0,481800.0,148505.0,4015.0,5285.0,1.58,1.21,0.37,133.0,"Johnson&Johnson, Oxford/AstraZeneca, Pfizer/BioNTech, Sinopharm/Beijing",World Health Organization,https://covid19.who.int/
Afghanistan,AFG,2021-06-04,,,,,5273.0,,,,132.0,"Johnson&Johnson, Oxford/AstraZeneca, Pfizer/BioNTech, Sinopharm/Beijing",World Health Organization,https://covid19.who.int/
Afghanistan,AFG,2021-06-05,,,,,5261.0,,,,132.0,"Johnson&Johnson, Oxford/AstraZeneca, Pfizer/BioNTech, Sinopharm/Beijing",World Health Organization,https://covid19.who.int/
Afghanistan,AFG,2021-06-06,,,,,5250.0,,,,132.0,"Johnson&Johnson, Oxford/AstraZeneca, Pfizer/BioNTech, Sinopharm/Beijing",World Health Organization,https://covid19.who.int/
Afghanistan,AFG,2021-06-07,,,,,4319.0,,,,108.0,"Johnson&Johnson, Oxford/AstraZeneca, Pfizer/BioNTech, Sinopharm/Beijing",World Health Organization,https://covid19.who.int/
Afghanistan,AFG,2021-06-08,641295.0,482952.0,158343.0,,3388.0,1.61,1.21,0.4,85.0,"Johnson&Johnson, Oxford/AstraZeneca, Pfizer/BioNTech, Sinopharm/Beijing",World Health Organization,https://covid19.who.int/
Afghanistan,AFG,2021-06-09,,,,,2637.0,,,,66.0,"Johnson&Johnson, Oxford/AstraZeneca, Pfizer/BioNTech, Sinopharm/Beijing",World Health Organization,https://covid19.who.int/
Afghanistan,AFG,2021-06-10,,,,,2556.0,,,,64.0,"Johnson&Johnson, Oxford/AstraZeneca, Pfizer/BioNTech, Sinopharm/Beijing",World Health Organization,https://covid19.who.int/
Afghanistan,AFG,2021-06-11,,,,,2735.0,,,,69.0,"Johnson&Johnson, Oxford/AstraZeneca, Pfizer/BioNTech, Sinopharm/Beijing",World Health Organization,https://covid19.who.int/
Afghanistan,AFG,2021-06-12,,,,,2914.0,,,,73.0,"Johnson&Johnson, Oxford/AstraZeneca, Pfizer/BioNTech, Sinopharm/Beijing",World Health Organization,https://covid19.who.int/
Afghanistan,AFG,2021-06-13,,,,,3093.0,,,,78.0,"Johnson&Johnson, Oxford/AstraZeneca, Pfizer/BioNTech, Sinopharm/Beijing",World Health Organization,https://covid19.who.int/
Afghanistan,AFG,2021-06-14,662003.0,484737.0,177266.0,,3272.0,1.66,1.22,0.44,82.0,"Johnson&Johnson, Oxford/AstraZeneca, Pfizer/BioNTech, Sinopharm/Beijing",World Health Organization,https://covid19.who.int/
Afghanistan,AFG,2021-06-15,,,,,4813.0,,,,121.0,"Johnson&Johnson, Oxford/AstraZeneca, Pfizer/BioNTech, Sinopharm/Beijing",World Health Organization,https://covid19.who.int/
Afghanistan,AFG,2021-06-16,,,,,6175.0,,,,155.0,"Johnson&Johnson, Oxford/AstraZeneca, Pfizer/BioNTech, Sinopharm/Beijing",World Health Organization,https://covid19.who.int/
Afghanistan,AFG,2021-06-17,,,,,7538.0,,,,189.0,"Johnson&Johnson, Oxford/AstraZeneca, Pfizer/BioNTech, Sinopharm/Beijing",World Health Organization,https://covid19.who.int/
Afghanistan,AFG,2021-06-18,,,,,8900.0,,,,223.0,"Johnson&Johnson, Oxford/AstraZeneca, Pfizer/BioNTech, Sinopharm/Beijing",World Health Organization,https://covid19.who.int/
Afghanistan,AFG,2021-06-19,,,,,10262.0,,,,258.0,"Johnson&Johnson, Oxford/AstraZeneca, Pfizer/BioNTech, Sinopharm/Beijing",World Health Organization,https://covid19.who.int/
Afghanistan,AFG,2021-06-20,,,,,11624.0,,,,292.0,"Johnson&Johnson, Oxford/AstraZeneca, Pfizer/BioNTech, Sinopharm/Beijing",World Health Organization,https://covid19.who.int/
Afghanistan,AFG,2021-06-21,,,,,12986.0,,,,326.0,"Johnson&Johnson, Oxford/AstraZeneca, Pfizer/BioNTech, Sinopharm/Beijing",World Health Organization,https://covid19.who.int/
Afghanistan,AFG,2021-06-22,765890.0,582128.0,183762.0,,12986.0,1.92,1.46,0.46,326.0,"Johnson&Johnson, Oxford/AstraZeneca, Pfizer/BioNTech, Sinopharm/Beijing",World Health Organization,https://covid19.who.int/
Afghanistan,AFG,2021-06-23,,,,,13125.0,,,,329.0,"Johnson&Johnson, Oxford/AstraZeneca, Pfizer/BioNTech, Sinopharm/Beijing",World Health Organization,https://covid19.who.int/
Afghanistan,AFG,2021-06-24,,,,,13264.0,,,,333.0,"Johnson&Johnson, Oxford/AstraZeneca, Pfizer/BioNTech, Sinopharm/Beijing",World Health Organization,https://covid19.who.int/
Afghanistan,AFG,2021-06-25,,,,,13404.0,,,,336.0,"Johnson&Johnson, Oxford/AstraZeneca, Pfizer/BioNTech, Sinopharm/Beijing",World Health Organization,https://covid19.who.int/
Afghanistan,AFG,2021-06-26,,,,,13543.0,,,,340.0,"Johnson&Johnson, Oxford/AstraZeneca, Pfizer/BioNTech, Sinopharm/Beijing",World Health Organization,https://covid19.who.int/
Afghanistan,AFG,2021-06-27,835694.0,649434.0,186260.0,,13682.0,2.1,1.63,0.47,343.0,"Johnson&Johnson, Oxford/AstraZeneca, Pfizer/BioNTech, Sinopharm/Beijing",World Health Organization,https://covid19.who.int/
Afghanistan,AFG,2021-06-28,,,,,14263.0,,,,358.0,"Johnson&Johnson, Oxford/AstraZeneca, Pfizer/BioNTech, Sinopharm/Beijing",World Health Organization,https://covid19.who.int/
Afghanistan,AFG,2021-06-29,,,,,14844.0,,,,373.0,"Johnson&Johnson, Oxford/AstraZeneca, Pfizer/BioNTech, Sinopharm/Beijing",World Health Organization,https://covid19.who.int/
Afghanistan,AFG,2021-06-30,886854.0,699200.0,187654.0,,15286.0,2.23,1.76,0.47,384.0,"Johnson&Johnson, Oxford/AstraZeneca, Pfizer/BioNTech, Sinopharm/Beijing",World Health Organization,https://covid19.who.int/
Afghanistan,AFG,2021-07-01,,,,,14115.0,,,,354.0,"Johnson&Johnson, Oxford/AstraZeneca, Pfizer/BioNTech, Sinopharm/Beijing",World Health Organization,https://covid19.who.int/
Afghanistan,AFG,2021-07-02,,,,,12944.0,,,,325.0,"Johnson&Johnson, Oxford/AstraZeneca, Pfizer/BioNTech, Sinopharm/Beijing",World Health Organization,https://covid19.who.int/
Afghanistan,AFG,2021-07-03,,,,,11773.0,,,,296.0,"Johnson&Johnson, Oxford/AstraZeneca, Pfizer/BioNTech, Sinopharm/Beijing",World Health Organization,https://covid19.who.int/
Afghanistan,AFG,2021-07-04,,,,,10602.0,,,,266.0,"Johnson&Johnson, Oxford/AstraZeneca, Pfizer/BioNTech, Sinopharm/Beijing",World Health Organization,https://covid19.who.int/
Afghanistan,AFG,2021-07-05,915671.0,726349.0,189322.0,,8989.0,2.3,1.82,0.48,226.0,"Johnson&Johnson, Oxford/AstraZeneca, Pfizer/BioNTech, Sinopharm/Beijing",World Health Organization,https://covid19.who.int/
Afghanistan,AFG,2021-07-06,,,,,7895.0,,,,198.0,"Johnson&Johnson, Oxford/AstraZeneca, Pfizer/BioNTech, Sinopharm/Beijing",World Health Organization,https://covid19.who.int/
Afghanistan,AFG,2021-07-07,934463.0,735213.0,199250.0,,6801.0,2.35,1.85,0.5,171.0,"Johnson&Johnson, Oxford/AstraZeneca, Pfizer/BioNTech, Sinopharm/Beijing",World Health Organization,https://covid19.who.int/
Afghanistan,AFG,2021-07-08,,,,,6965.0,,,,175.0,"Johnson&Johnson, Oxford/AstraZeneca, Pfizer/BioNTech, Sinopharm/Beijing",World Health Organization,https://covid19.who.int/
Afghanistan,AFG,2021-07-09,,,,,7128.0,,,,179.0,"Johnson&Johnson, Oxford/AstraZeneca, Pfizer/BioNTech, Sinopharm/Beijing",World Health Organization,https://covid19.who.int/
Afghanistan,AFG,2021-07-10,,,,,7292.0,,,,183.0,"Johnson&Johnson, Oxford/AstraZeneca, Pfizer/BioNTech, Sinopharm/Beijing",World Health Organization,https://covid19.who.int/
Afghanistan,AFG,2021-07-11,962093.0,742934.0,219159.0,,7455.0,2.42,1.87,0.55,187.0,"Johnson&Johnson, Oxford/AstraZeneca, Pfizer/BioNTech, Sinopharm/Beijing",World Health Organization,https://covid19.who.int/
Afghanistan,AFG,2021-07-12,,,,,9588.0,,,,241.0,"Johnson&Johnson, Oxford/AstraZeneca, Pfizer/BioNTech, Sinopharm/Beijing",World Health Organization,https://covid19.who.int/
Afghanistan,AFG,2021-07-13,,,,,11201.0,,,,281.0,"Johnson&Johnson, Oxford/AstraZeneca, Pfizer/BioNTech, Sinopharm/Beijing",World Health Organization,https://covid19.who.int/
Afghanistan,AFG,2021-07-14,1024168.0,,,,12815.0,2.57,,,322.0,"Johnson&Johnson, Oxford/AstraZeneca, Pfizer/BioNTech, Sinopharm/Beijing",World Health Organization,https://covid19.who.int/
Afghanistan,AFG,2021-07-15,,,,,14331.0,,,,360.0,"Johnson&Johnson, Oxford/AstraZeneca, Pfizer/BioNTech, Sinopharm/Beijing",World Health Organization,https://covid19.who.int/
Afghanistan,AFG,2021-07-16,,,,,15848.0,,,,398.0,"Johnson&Johnson, Oxford/AstraZeneca, Pfizer/BioNTech, Sinopharm/Beijing",World Health Organization,https://covid19.who.int/
Afghanistan,AFG,2021-07-17,,,,,17364.0,,,,436.0,"Johnson&Johnson, Oxford/AstraZeneca, Pfizer/BioNTech, Sinopharm/Beijing",World Health Organization,https://covid19.who.int/
Afghanistan,AFG,2021-07-18,1094257.0,,,,18881.0,2.75,,,474.0,"Johnson&Johnson, Oxford/AstraZeneca, Pfizer/BioNTech, Sinopharm/Beijing",World Health Organization,https://covid19.who.int/
Afghanistan,AFG,2021-07-19,,,,,17753.0,,,,446.0,"Johnson&Johnson, Oxford/AstraZeneca, Pfizer/BioNTech, Sinopharm/Beijing",World Health Organization,https://covid19.who.int/
Afghanistan,AFG,2021-07-20,,,,,16626.0,,,,417.0,"Johnson&Johnson, Oxford/AstraZeneca, Pfizer/BioNTech, Sinopharm/Beijing",World Health Organization,https://covid19.who.int/
Afghanistan,AFG,2021-07-21,,,,,15499.0,,,,389.0,"Johnson&Johnson, Oxford/AstraZeneca, Pfizer/BioNTech, Sinopharm/Beijing",World Health Organization,https://covid19.who.int/
Afghanistan,AFG,2021-07-22,,,,,14824.0,,,,372.0,"Johnson&Johnson, Oxford/AstraZeneca, Pfizer/BioNTech, Sinopharm/Beijing",World Health Organization,https://covid19.who.int/
Afghanistan,AFG,2021-07-23,,,,,14150.0,,,,355.0,"Johnson&Johnson, Oxford/AstraZeneca, Pfizer/BioNTech, Sinopharm/Beijing",World Health Organization,https://covid19.who.int/
Afghanistan,AFG,2021-07-24,1171064.0,,,,13476.0,2.94,,,338.0,"Johnson&Johnson, Oxford/AstraZeneca, Pfizer/BioNTech, Sinopharm/Beijing",World Health Organization,https://covid19.who.int/
Afghanistan,AFG,2021-07-25,,,,,11132.0,,,,279.0,"Johnson&Johnson, Oxford/AstraZeneca, Pfizer/BioNTech, Sinopharm/Beijing",World Health Organization,https://covid19.who.int/
Afghanistan,AFG,2021-07-26,,,,,9464.0,,,,238.0,"Johnson&Johnson, Oxford/AstraZeneca, Pfizer/BioNTech, Sinopharm/Beijing",World Health Organization,https://covid19.who.int/
Afghanistan,AFG,2021-07-27,,,,,7795.0,,,,196.0,"Johnson&Johnson, Oxford/AstraZeneca, Pfizer/BioNTech, Sinopharm/Beijing",World Health Organization,https://covid19.who.int/
Afghanistan,AFG,2021-07-28,,,,,6126.0,,,,154.0,"Johnson&Johnson, Oxford/AstraZeneca, Pfizer/BioNTech, Sinopharm/Beijing",World Health Organization,https://covid19.who.int/
Afghanistan,AFG,2021-07-29,,,,,4457.0,,,,112.0,"Johnson&Johnson, Oxford/AstraZeneca, Pfizer/BioNTech, Sinopharm/Beijing",World Health Organization,https://covid19.who.int/
Afghanistan,AFG,2021-07-30,,,,,2788.0,,,,70.0,"Johnson&Johnson, Oxford/AstraZeneca, Pfizer/BioNTech, Sinopharm/Beijing",World Health Organization,https://covid19.who.int/
Afghanistan,AFG,2021-07-31,,,,,1119.0,,,,28.0,"Johnson&Johnson, Oxford/AstraZeneca, Pfizer/BioNTech, Sinopharm/Beijing",World Health Organization,https://covid19.who.int/
Afghanistan,AFG,2021-08-01,,,,,1119.0,,,,28.0,"Johnson&Johnson, Oxford/AstraZeneca, Pfizer/BioNTech, Sinopharm/Beijing",World Health Organization,https://covid19.who.int/
Afghanistan,AFG,2021-08-02,,,,,1119.0,,,,28.0,"Johnson&Johnson, Oxford/AstraZeneca, Pfizer/BioNTech, Sinopharm/Beijing",World Health Organization,https://covid19.who.int/
Afghanistan,AFG,2021-08-03,,,,,1119.0,,,,28.0,"Johnson&Johnson, Oxford/AstraZeneca, Pfizer/BioNTech, Sinopharm/Beijing",World Health Organization,https://covid19.who.int/
Afghanistan,AFG,2021-08-04,,,,,1119.0,,,,28.0,"Johnson&Johnson, Oxford/AstraZeneca, Pfizer/BioNTech, Sinopharm/Beijing",World Health Organization,https://covid19.who.int/
Afghanistan,AFG,2021-08-05,,,,,1119.0,,,,28.0,"Johnson&Johnson, Oxford/AstraZeneca, Pfizer/BioNTech, Sinopharm/Beijing",World Health Organization,https://covid19.who.int/
Afghanistan,AFG,2021-08-06,,,,,1119.0,,,,28.0,"Johnson&Johnson, Oxford/AstraZeneca, Pfizer/BioNTech, Sinopharm/Beijing",World Health Organization,https://covid19.who.int/
Afghanistan,AFG,2021-08-07,,,,,1119.0,,,,28.0,"Johnson&Johnson, Oxford/AstraZeneca, Pfizer/BioNTech, Sinopharm/Beijing",World Health Organization,https://covid19.who.int/
Afghanistan,AFG,2021-08-08,,,,,1119.0,,,,28.0,"Johnson&Johnson, Oxford/AstraZeneca, Pfizer/BioNTech, Sinopharm/Beijing",World Health Organization,https://covid19.who.int/
Afghanistan,AFG,2021-08-09,,,,,1119.0,,,,28.0,"Johnson&Johnson, Oxford/AstraZeneca, Pfizer/BioNTech, Sinopharm/Beijing",World Health Organization,https://covid19.who.int/
Afghanistan,AFG,2021-08-10,,,,,1119.0,,,,28.0,"Johnson&Johnson, Oxford/AstraZeneca, Pfizer/BioNTech, Sinopharm/Beijing",World Health Organization,https://covid19.who.int/
Afghanistan,AFG,2021-08-11,,,,,1119.0,,,,28.0,"Johnson&Johnson, Oxford/AstraZeneca, Pfizer/BioNTech, Sinopharm/Beijing",World Health Organization,https://covid19.who.int/
Afghanistan,AFG,2021-08-12,,,,,1119.0,,,,28.0,"Johnson&Johnson, Oxford/AstraZeneca, Pfizer/BioNTech, Sinopharm/Beijing",World Health Organization,https://covid19.who.int/
Afghanistan,AFG,2021-08-13,,,,,1119.0,,,,28.0,"Johnson&Johnson, Oxford/AstraZeneca, Pfizer/BioNTech, Sinopharm/Beijing",World Health Organization,https://covid19.who.int/
Afghanistan,AFG,2021-08-14,,,,,1119.0,,,,28.0,"Johnson&Johnson, Oxford/AstraZeneca, Pfizer/BioNTech, Sinopharm/Beijing",World Health Organization,https://covid19.who.int/
Afghanistan,AFG,2021-08-15,,,,,1119.0,,,,28.0,"Johnson&Johnson, Oxford/AstraZeneca, Pfizer/BioNTech, Sinopharm/Beijing",World Health Organization,https://covid19.who.int/
Afghanistan,AFG,2021-08-16,,,,,1119.0,,,,28.0,"Johnson&Johnson, Oxford/AstraZeneca, Pfizer/BioNTech, Sinopharm/Beijing",World Health Organization,https://covid19.who.int/
Afghanistan,AFG,2021-08-17,,,,,1119.0,,,,28.0,"Johnson&Johnson, Oxford/AstraZeneca, Pfizer/BioNTech, Sinopharm/Beijing",World Health Organization,https://covid19.who.int/
Afghanistan,AFG,2021-08-18,,,,,1119.0,,,,28.0,"Johnson&Johnson, Oxford/AstraZeneca, Pfizer/BioNTech, Sinopharm/Beijing",World Health Organization,https://covid19.who.int/
Afghanistan,AFG,2021-08-19,,,,,1119.0,,,,28.0,"Johnson&Johnson, Oxford/AstraZeneca, Pfizer/BioNTech, Sinopharm/Beijing",World Health Organization,https://covid19.who.int/
Afghanistan,AFG,2021-08-20,1201286.0,770542.0,430744.0,,1119.0,3.02,1.93,1.08,28.0,"Johnson&Johnson, Oxford/AstraZeneca, Pfizer/BioNTech, Sinopharm/Beijing",World Health Organization,https://covid19.who.int/
Afghanistan,AFG,2021-08-21,,,,,11068.0,,,,278.0,"Johnson&Johnson, Oxford/AstraZeneca, Pfizer/BioNTech, Sinopharm/Beijing",World Health Organization,https://covid19.who.int/
Afghanistan,AFG,2021-08-22,,,,,21017.0,,,,528.0,"Johnson&Johnson, Oxford/AstraZeneca, Pfizer/BioNTech, Sinopharm/Beijing",World Health Organization,https://covid19.who.int/
Afghanistan,AFG,2021-08-23,,,,,30966.0,,,,777.0,"Johnson&Johnson, Oxford/AstraZeneca, Pfizer/BioNTech, Sinopharm/Beijing",World Health Organization,https://covid19.who.int/
Afghanistan,AFG,2021-08-24,,,,,40914.0,,,,1027.0,"Johnson&Johnson, Oxford/AstraZeneca, Pfizer/BioNTech, Sinopharm/Beijing",World Health Organization,https://covid19.who.int/
Afghanistan,AFG,2021-08-25,,,,,50863.0,,,,1277.0,"Johnson&Johnson, Oxford/AstraZeneca, Pfizer/BioNTech, Sinopharm/Beijing",World Health Organization,https://covid19.who.int/
Afghanistan,AFG,2021-08-26,,,,,60812.0,,,,1527.0,"Johnson&Johnson, Oxford/AstraZeneca, Pfizer/BioNTech, Sinopharm/Beijing",World Health Organization,https://covid19.who.int/
Afghanistan,AFG,2021-08-27,,,,,70761.0,,,,1776.0,"Johnson&Johnson, Oxford/AstraZeneca, Pfizer/BioNTech, Sinopharm/Beijing",World Health Organization,https://covid19.who.int/
Afghanistan,AFG,2021-08-28,,,,,70761.0,,,,1776.0,"Johnson&Johnson, Oxford/AstraZeneca, Pfizer/BioNTech, Sinopharm/Beijing",World Health Organization,https://covid19.who.int/
Afghanistan,AFG,2021-08-29,,,,,70761.0,,,,1776.0,"Johnson&Johnson, Oxford/AstraZeneca, Pfizer/BioNTech, Sinopharm/Beijing",World Health Organization,https://covid19.who.int/
Afghanistan,AFG,2021-08-30,,,,,70761.0,,,,1776.0,"Johnson&Johnson, Oxford/AstraZeneca, Pfizer/BioNTech, Sinopharm/Beijing",World Health Organization,https://covid19.who.int/
Afghanistan,AFG,2021-08-31,1979652.0,773002.0,,,70761.0,4.97,1.94,,1776.0,"Johnson&Johnson, Oxford/AstraZeneca, Pfizer/BioNTech, Sinopharm/Beijing",World Health Organization,https://covid19.who.int/
Afghanistan,AFG,2021-09-01,,,,,62509.0,,,,1569.0,"Johnson&Johnson, Oxford/AstraZeneca, Pfizer/BioNTech, Sinopharm/Beijing",World Health Organization,https://covid19.who.int/
Afghanistan,AFG,2021-09-02,,,,,54257.0,,,,1362.0,"Johnson&Johnson, Oxford/AstraZeneca, Pfizer/BioNTech, Sinopharm/Beijing",World Health Organization,https://covid19.who.int/
Afghanistan,AFG,2021-09-03,,,,,46006.0,,,,1155.0,"Johnson&Johnson, Oxford/AstraZeneca, Pfizer/BioNTech, Sinopharm/Beijing",World Health Organization,https://covid19.who.int/
Afghanistan,AFG,2021-09-04,,,,,37754.0,,,,948.0,"Johnson&Johnson, Oxford/AstraZeneca, Pfizer/BioNTech, Sinopharm/Beijing",World Health Organization,https://covid19.who.int/
Afghanistan,AFG,2021-09-05,,,,,29502.0,,,,741.0,"Johnson&Johnson, Oxford/AstraZeneca, Pfizer/BioNTech, Sinopharm/Beijing",World Health Organization,https://covid19.who.int/
Afghanistan,AFG,2021-09-06,,,,,21251.0,,,,533.0,"Johnson&Johnson, Oxford/AstraZeneca, Pfizer/BioNTech, Sinopharm/Beijing",World Health Organization,https://covid19.who.int/
Afghanistan,AFG,2021-09-07,,,,,12999.0,,,,326.0,"Johnson&Johnson, Oxford/AstraZeneca, Pfizer/BioNTech, Sinopharm/Beijing",World Health Organization,https://covid19.who.int/
Afghanistan,AFG,2021-09-08,,,,,12999.0,,,,326.0,"Johnson&Johnson, Oxford/AstraZeneca, Pfizer/BioNTech, Sinopharm/Beijing",World Health Organization,https://covid19.who.int/
Afghanistan,AFG,2021-09-09,,,,,12999.0,,,,326.0,"Johnson&Johnson, Oxford/AstraZeneca, Pfizer/BioNTech, Sinopharm/Beijing",World Health Organization,https://covid19.who.int/
Afghanistan,AFG,2021-09-10,,,,,12999.0,,,,326.0,"Johnson&Johnson, Oxford/AstraZeneca, Pfizer/BioNTech, Sinopharm/Beijing",World Health Organization,https://covid19.who.int/
Afghanistan,AFG,2021-09-11,,,,,12999.0,,,,326.0,"Johnson&Johnson, Oxford/AstraZeneca, Pfizer/BioNTech, Sinopharm/Beijing",World Health Organization,https://covid19.who.int/
Afghanistan,AFG,2021-09-12,,,,,12999.0,,,,326.0,"Johnson&Johnson, Oxford/AstraZeneca, Pfizer/BioNTech, Sinopharm/Beijing",World Health Organization,https://covid19.who.int/
Afghanistan,AFG,2021-09-13,,,,,12999.0,,,,326.0,"Johnson&Johnson, Oxford/AstraZeneca, Pfizer/BioNTech, Sinopharm/Beijing",World Health Organization,https://covid19.who.int/
Afghanistan,AFG,2021-09-14,,,,,12999.0,,,,326.0,"Johnson&Johnson, Oxford/AstraZeneca, Pfizer/BioNTech, Sinopharm/Beijing",World Health Organization,https://covid19.who.int/
Afghanistan,AFG,2021-09-15,,,,,12999.0,,,,326.0,"Johnson&Johnson, Oxford/AstraZeneca, Pfizer/BioNTech, Sinopharm/Beijing",World Health Organization,https://covid19.who.int/
Afghanistan,AFG,2021-09-16,,,,,12999.0,,,,326.0,"Johnson&Johnson, Oxford/AstraZeneca, Pfizer/BioNTech, Sinopharm/Beijing",World Health Organization,https://covid19.who.int/
Afghanistan,AFG,2021-09-17,,,,,12999.0,,,,326.0,"Johnson&Johnson, Oxford/AstraZeneca, Pfizer/BioNTech, Sinopharm/Beijing",World Health Organization,https://covid19.who.int/
Afghanistan,AFG,2021-09-18,,,,,12999.0,,,,326.0,"Johnson&Johnson, Oxford/AstraZeneca, Pfizer/BioNTech, Sinopharm/Beijing",World Health Organization,https://covid19.who.int/
Afghanistan,AFG,2021-09-19,,,,,12999.0,,,,326.0,"Johnson&Johnson, Oxford/AstraZeneca, Pfizer/BioNTech, Sinopharm/Beijing",World Health Organization,https://covid19.who.int/
Afghanistan,AFG,2021-09-20,,,,,12999.0,,,,326.0,"Johnson&Johnson, Oxford/AstraZeneca, Pfizer/BioNTech, Sinopharm/Beijing",World Health Organization,https://covid19.who.int/
Afghanistan,AFG,2021-09-21,,,,,12999.0,,,,326.0,"Johnson&Johnson, Oxford/AstraZeneca, Pfizer/BioNTech, Sinopharm/Beijing",World Health Organization,https://covid19.who.int/
Afghanistan,AFG,2021-09-22,,,,,12999.0,,,,326.0,"Johnson&Johnson, Oxford/AstraZeneca, Pfizer/BioNTech, Sinopharm/Beijing",World Health Organization,https://covid19.who.int/
Afghanistan,AFG,2021-09-23,,,,,12999.0,,,,326.0,"Johnson&Johnson, Oxford/AstraZeneca, Pfizer/BioNTech, Sinopharm/Beijing",World Health Organization,https://covid19.who.int/
Afghanistan,AFG,2021-09-24,,,,,12999.0,,,,326.0,"Johnson&Johnson, Oxford/AstraZeneca, Pfizer/BioNTech, Sinopharm/Beijing",World Health Organization,https://covid19.who.int/
Afghanistan,AFG,2021-09-25,,,,,12999.0,,,,326.0,"Johnson&Johnson, Oxford/AstraZeneca, Pfizer/BioNTech, Sinopharm/Beijing",World Health Organization,https://covid19.who.int/
Afghanistan,AFG,2021-09-26,,,,,12999.0,,,,326.0,"Johnson&Johnson, Oxford/AstraZeneca, Pfizer/BioNTech, Sinopharm/Beijing",World Health Organization,https://covid19.who.int/
Afghanistan,AFG,2021-09-27,,,,,12999.0,,,,326.0,"Johnson&Johnson, Oxford/AstraZeneca, Pfizer/BioNTech, Sinopharm/Beijing",World Health Organization,https://covid19.who.int/
Afghanistan,AFG,2021-09-28,,,,,12999.0,,,,326.0,"Johnson&Johnson, Oxford/AstraZeneca, Pfizer/BioNTech, Sinopharm/Beijing",World Health Organization,https://covid19.who.int/
Afghanistan,AFG,2021-09-29,,,,,12999.0,,,,326.0,"Johnson&Johnson, Oxford/AstraZeneca, Pfizer/BioNTech, Sinopharm/Beijing",World Health Organization,https://covid19.who.int/
Afghanistan,AFG,2021-09-30,2369625.0,828601.0,,,12999.0,5.95,2.08,,326.0,"Johnson&Johnson, Oxford/AstraZeneca, Pfizer/BioNTech, Sinopharm/Beijing",World Health Organization,https://covid19.who.int/
Afghanistan,AFG,2021-10-01,,,,,16376.0,,,,411.0,"Johnson&Johnson, Oxford/AstraZeneca, Pfizer/BioNTech, Sinopharm/Beijing",World Health Organization,https://covid19.who.int/
Afghanistan,AFG,2021-10-02,,,,,19752.0,,,,496.0,"Johnson&Johnson, Oxford/AstraZeneca, Pfizer/BioNTech, Sinopharm/Beijing",World Health Organization,https://covid19.who.int/
Afghanistan,AFG,2021-10-03,,,,,23129.0,,,,581.0,"Johnson&Johnson, Oxford/AstraZeneca, Pfizer/BioNTech, Sinopharm/Beijing",World Health Organization,https://covid19.who.int/
Afghanistan,AFG,2021-10-04,,,,,26505.0,,,,665.0,"Johnson&Johnson, Oxford/AstraZeneca, Pfizer/BioNTech, Sinopharm/Beijing",World Health Organization,https://covid19.who.int/
Afghanistan,AFG,2021-10-05,,,,,29882.0,,,,750.0,"Johnson&Johnson, Oxford/AstraZeneca, Pfizer/BioNTech, Sinopharm/Beijing",World Health Organization,https://covid19.who.int/
Afghanistan,AFG,2021-10-06,,,,,33258.0,,,,835.0,"Johnson&Johnson, Oxford/AstraZeneca, Pfizer/BioNTech, Sinopharm/Beijing",World Health Organization,https://covid19.who.int/
Afghanistan,AFG,2021-10-07,,,,,36635.0,,,,920.0,"Johnson&Johnson, Oxford/AstraZeneca, Pfizer/BioNTech, Sinopharm/Beijing",World Health Organization,https://covid19.who.int/
Afghanistan,AFG,2021-10-08,,,,,36635.0,,,,920.0,"Johnson&Johnson, Oxford/AstraZeneca, Pfizer/BioNTech, Sinopharm/Beijing",World Health Organization,https://covid19.who.int/
Afghanistan,AFG,2021-10-09,,,,,36635.0,,,,920.0,"Johnson&Johnson, Oxford/AstraZeneca, Pfizer/BioNTech, Sinopharm/Beijing",World Health Organization,https://covid19.who.int/
Afghanistan,AFG,2021-10-10,,,,,36635.0,,,,920.0,"Johnson&Johnson, Oxford/AstraZeneca, Pfizer/BioNTech, Sinopharm/Beijing",World Health Organization,https://covid19.who.int/
Afghanistan,AFG,2021-10-11,,,,,36635.0,,,,920.0,"Johnson&Johnson, Oxford/AstraZeneca, Pfizer/BioNTech, Sinopharm/Beijing",World Health Organization,https://covid19.who.int/
Afghanistan,AFG,2021-10-12,,,,,36635.0,,,,920.0,"Johnson&Johnson, Oxford/AstraZeneca, Pfizer/BioNTech, Sinopharm/Beijing",World Health Organization,https://covid19.who.int/
Afghanistan,AFG,2021-10-13,,,,,36635.0,,,,920.0,"Johnson&Johnson, Oxford/AstraZeneca, Pfizer/BioNTech, Sinopharm/Beijing",World Health Organization,https://covid19.who.int/
Afghanistan,AFG,2021-10-14,,,,,36635.0,,,,920.0,"Johnson&Johnson, Oxford/AstraZeneca, Pfizer/BioNTech, Sinopharm/Beijing",World Health Organization,https://covid19.who.int/
Afghanistan,AFG,2021-10-15,,,,,36635.0,,,,920.0,"Johnson&Johnson, Oxford/AstraZeneca, Pfizer/BioNTech, Sinopharm/Beijing",World Health Organization,https://covid19.who.int/
Afghanistan,AFG,2021-10-16,,,,,36635.0,,,,920.0,"Johnson&Johnson, Oxford/AstraZeneca, Pfizer/BioNTech, Sinopharm/Beijing",World Health Organization,https://covid19.who.int/
Afghanistan,AFG,2021-10-17,,,,,36635.0,,,,920.0,"Johnson&Johnson, Oxford/AstraZeneca, Pfizer/BioNTech, Sinopharm/Beijing",World Health Organization,https://covid19.who.int/
Afghanistan,AFG,2021-10-18,,,,,36635.0,,,,920.0,"Johnson&Johnson, Oxford/AstraZeneca, Pfizer/BioNTech, Sinopharm/Beijing",World Health Organization,https://covid19.who.int/
Afghanistan,AFG,2021-10-19,,,,,36635.0,,,,920.0,"Johnson&Johnson, Oxford/AstraZeneca, Pfizer/BioNTech, Sinopharm/Beijing",World Health Organization,https://covid19.who.int/
Afghanistan,AFG,2021-10-20,,,,,36635.0,,,,920.0,"Johnson&Johnson, Oxford/AstraZeneca, Pfizer/BioNTech, Sinopharm/Beijing",World Health Organization,https://covid19.who.int/
Afghanistan,AFG,2021-10-21,,,,,36635.0,,,,920.0,"Johnson&Johnson, Oxford/AstraZeneca, Pfizer/BioNTech, Sinopharm/Beijing",World Health Organization,https://covid19.who.int/
Afghanistan,AFG,2021-10-22,,,,,36635.0,,,,920.0,"Johnson&Johnson, Oxford/AstraZeneca, Pfizer/BioNTech, Sinopharm/Beijing",World Health Organization,https://covid19.who.int/
Afghanistan,AFG,2021-10-23,,,,,36635.0,,,,920.0,"Johnson&Johnson, Oxford/AstraZeneca, Pfizer/BioNTech, Sinopharm/Beijing",World Health Organization,https://covid19.who.int/
Afghanistan,AFG,2021-10-24,,,,,36635.0,,,,920.0,"Johnson&Johnson, Oxford/AstraZeneca, Pfizer/BioNTech, Sinopharm/Beijing",World Health Organization,https://covid19.who.int/
Afghanistan,AFG,2021-10-25,,,,,36635.0,,,,920.0,"Johnson&Johnson, Oxford/AstraZeneca, Pfizer/BioNTech, Sinopharm/Beijing",World Health Organization,https://covid19.who.int/
Afghanistan,AFG,2021-10-26,,,,,36635.0,,,,920.0,"Johnson&Johnson, Oxford/AstraZeneca, Pfizer/BioNTech, Sinopharm/Beijing",World Health Organization,https://covid19.who.int/
Afghanistan,AFG,2021-10-27,,,,,36635.0,,,,920.0,"Johnson&Johnson, Oxford/AstraZeneca, Pfizer/BioNTech, Sinopharm/Beijing",World Health Organization,https://covid19.who.int/
Afghanistan,AFG,2021-10-28,,,,,36635.0,,,,920.0,"Johnson&Johnson, Oxford/AstraZeneca, Pfizer/BioNTech, Sinopharm/Beijing",World Health Organization,https://covid19.who.int/
Afghanistan,AFG,2021-10-29,,,,,36635.0,,,,920.0,"Johnson&Johnson, Oxford/AstraZeneca, Pfizer/BioNTech, Sinopharm/Beijing",World Health Organization,https://covid19.who.int/
Afghanistan,AFG,2021-10-30,,,,,36635.0,,,,920.0,"Johnson&Johnson, Oxford/AstraZeneca, Pfizer/BioNTech, Sinopharm/Beijing",World Health Organization,https://covid19.who.int/
Afghanistan,AFG,2021-10-31,,,,,36635.0,,,,920.0,"Johnson&Johnson, Oxford/AstraZeneca, Pfizer/BioNTech, Sinopharm/Beijing",World Health Organization,https://covid19.who.int/
Afghanistan,AFG,2021-11-01,,,,,36635.0,,,,920.0,"Johnson&Johnson, Oxford/AstraZeneca, Pfizer/BioNTech, Sinopharm/Beijing",World Health Organization,https://covid19.who.int/
Afghanistan,AFG,2021-11-02,,,,,36635.0,,,,920.0,"Johnson&Johnson, Oxford/AstraZeneca, Pfizer/BioNTech, Sinopharm/Beijing",World Health Organization,https://covid19.who.int/
Afghanistan,AFG,2021-11-03,,,,,36635.0,,,,920.0,"Johnson&Johnson, Oxford/AstraZeneca, Pfizer/BioNTech, Sinopharm/Beijing",World Health Organization,https://covid19.who.int/
Afghanistan,AFG,2021-11-04,,,,,36635.0,,,,920.0,"Johnson&Johnson, Oxford/AstraZeneca, Pfizer/BioNTech, Sinopharm/Beijing",World Health Organization,https://covid19.who.int/
Afghanistan,AFG,2021-11-05,,,,,36635.0,,,,920.0,"Johnson&Johnson, Oxford/AstraZeneca, Pfizer/BioNTech, Sinopharm/Beijing",World Health Organization,https://covid19.who.int/
Afghanistan,AFG,2021-11-06,,,,,36635.0,,,,920.0,"Johnson&Johnson, Oxford/AstraZeneca, Pfizer/BioNTech, Sinopharm/Beijing",World Health Organization,https://covid19.who.int/
Afghanistan,AFG,2021-11-07,,,,,36635.0,,,,920.0,"Johnson&Johnson, Oxford/AstraZeneca, Pfizer/BioNTech, Sinopharm/Beijing",World Health Organization,https://covid19.who.int/
Afghanistan,AFG,2021-11-08,,,,,36635.0,,,,920.0,"Johnson&Johnson, Oxford/AstraZeneca, Pfizer/BioNTech, Sinopharm/Beijing",World Health Organization,https://covid19.who.int/
Afghanistan,AFG,2021-11-09,,,,,36635.0,,,,920.0,"Johnson&Johnson, Oxford/AstraZeneca, Pfizer/BioNTech, Sinopharm/Beijing",World Health Organization,https://covid19.who.int/
Afghanistan,AFG,2021-11-10,,,,,36635.0,,,,920.0,"Johnson&Johnson, Oxford/AstraZeneca, Pfizer/BioNTech, Sinopharm/Beijing",World Health Organization,https://covid19.who.int/
Afghanistan,AFG,2021-11-11,,,,,36635.0,,,,920.0,"Johnson&Johnson, Oxford/AstraZeneca, Pfizer/BioNTech, Sinopharm/Beijing",World Health Organization,https://covid19.who.int/
Afghanistan,AFG,2021-11-12,,,,,36635.0,,,,920.0,"Johnson&Johnson, Oxford/AstraZeneca, Pfizer/BioNTech, Sinopharm/Beijing",World Health Organization,https://covid19.who.int/
Afghanistan,AFG,2021-11-13,,,,,36635.0,,,,920.0,"Johnson&Johnson, Oxford/AstraZeneca, Pfizer/BioNTech, Sinopharm/Beijing",World Health Organization,https://covid19.who.int/
Afghanistan,AFG,2021-11-14,4018197.0,3530173.0,3188609.0,,36635.0,10.09,8.86,8.0,920.0,"Johnson&Johnson, Oxford/AstraZeneca, Pfizer/BioNTech, Sinopharm/Beijing",World Health Organization,https://covid19.who.int/
Afghanistan,AFG,2021-11-15,,,,,33582.0,,,,843.0,"Johnson&Johnson, Oxford/AstraZeneca, Pfizer/BioNTech, Sinopharm/Beijing",World Health Organization,https://covid19.who.int/
Afghanistan,AFG,2021-11-16,,,,,30529.0,,,,766.0,"Johnson&Johnson, Oxford/AstraZeneca, Pfizer/BioNTech, Sinopharm/Beijing",World Health Organization,https://covid19.who.int/
Afghanistan,AFG,2021-11-17,,,,,27476.0,,,,690.0,"Johnson&Johnson, Oxford/AstraZeneca, Pfizer/BioNTech, Sinopharm/Beijing",World Health Organization,https://covid19.who.int/
Afghanistan,AFG,2021-11-18,,,,,24423.0,,,,613.0,"Johnson&Johnson, Oxford/AstraZeneca, Pfizer/BioNTech, Sinopharm/Beijing",World Health Organization,https://covid19.who.int/
Afghanistan,AFG,2021-11-19,,,,,21369.0,,,,536.0,"Johnson&Johnson, Oxford/AstraZeneca, Pfizer/BioNTech, Sinopharm/Beijing",World Health Organization,https://covid19.who.int/
Afghanistan,AFG,2021-11-20,,,,,18316.0,,,,460.0,"Johnson&Johnson, Oxford/AstraZeneca, Pfizer/BioNTech, Sinopharm/Beijing",World Health Organization,https://covid19.who.int/
Afghanistan,AFG,2021-11-21,,,,,15263.0,,,,383.0,"Johnson&Johnson, Oxford/AstraZeneca, Pfizer/BioNTech, Sinopharm/Beijing",World Health Organization,https://covid19.who.int/
Afghanistan,AFG,2021-11-22,,,,,15263.0,,,,383.0,"Johnson&Johnson, Oxford/AstraZeneca, Pfizer/BioNTech, Sinopharm/Beijing",World Health Organization,https://covid19.who.int/
Afghanistan,AFG,2021-11-23,,,,,15263.0,,,,383.0,"Johnson&Johnson, Oxford/AstraZeneca, Pfizer/BioNTech, Sinopharm/Beijing",World Health Organization,https://covid19.who.int/
Afghanistan,AFG,2021-11-24,,,,,15263.0,,,,383.0,"Johnson&Johnson, Oxford/AstraZeneca, Pfizer/BioNTech, Sinopharm/Beijing",World Health Organization,https://covid19.who.int/
Afghanistan,AFG,2021-11-25,,,,,15263.0,,,,383.0,"Johnson&Johnson, Oxford/AstraZeneca, Pfizer/BioNTech, Sinopharm/Beijing",World Health Organization,https://covid19.who.int/
Afghanistan,AFG,2021-11-26,,,,,15263.0,,,,383.0,"Johnson&Johnson, Oxford/AstraZeneca, Pfizer/BioNTech, Sinopharm/Beijing",World Health Organization,https://covid19.who.int/
Afghanistan,AFG,2021-11-27,,,,,15263.0,,,,383.0,"Johnson&Johnson, Oxford/AstraZeneca, Pfizer/BioNTech, Sinopharm/Beijing",World Health Organization,https://covid19.who.int/
Afghanistan,AFG,2021-11-28,,,,,15263.0,,,,383.0,"Johnson&Johnson, Oxford/AstraZeneca, Pfizer/BioNTech, Sinopharm/Beijing",World Health Organization,https://covid19.who.int/
Afghanistan,AFG,2021-11-29,,,,,15263.0,,,,383.0,"Johnson&Johnson, Oxford/AstraZeneca, Pfizer/BioNTech, Sinopharm/Beijing",World Health Organization,https://covid19.who.int/
Afghanistan,AFG,2021-11-30,,,,,15263.0,,,,383.0,"Johnson&Johnson, Oxford/AstraZeneca, Pfizer/BioNTech, Sinopharm/Beijing",World Health Organization,https://covid19.who.int/
Afghanistan,AFG,2021-12-01,,,,,15263.0,,,,383.0,"Johnson&Johnson, Oxford/AstraZeneca, Pfizer/BioNTech, Sinopharm/Beijing",World Health Organization,https://covid19.who.int/
Afghanistan,AFG,2021-12-02,,,,,15263.0,,,,383.0,"Johnson&Johnson, Oxford/AstraZeneca, Pfizer/BioNTech, Sinopharm/Beijing",World Health Organization,https://covid19.who.int/
Afghanistan,AFG,2021-12-03,,,,,15263.0,,,,383.0,"Johnson&Johnson, Oxford/AstraZeneca, Pfizer/BioNTech, Sinopharm/Beijing",World Health Organization,https://covid19.who.int/
Afghanistan,AFG,2021-12-04,,,,,15263.0,,,,383.0,"Johnson&Johnson, Oxford/AstraZeneca, Pfizer/BioNTech, Sinopharm/Beijing",World Health Organization,https://covid19.who.int/
Afghanistan,AFG,2021-12-05,,,,,15263.0,,,,383.0,"Johnson&Johnson, Oxford/AstraZeneca, Pfizer/BioNTech, Sinopharm/Beijing",World Health Organization,https://covid19.who.int/
Afghanistan,AFG,2021-12-06,,,,,15263.0,,,,383.0,"Johnson&Johnson, Oxford/AstraZeneca, Pfizer/BioNTech, Sinopharm/Beijing",World Health Organization,https://covid19.who.int/
Afghanistan,AFG,2021-12-07,,,,,15263.0,,,,383.0,"Johnson&Johnson, Oxford/AstraZeneca, Pfizer/BioNTech, Sinopharm/Beijing",World Health Organization,https://covid19.who.int/
Afghanistan,AFG,2021-12-08,,,,,15263.0,,,,383.0,"Johnson&Johnson, Oxford/AstraZeneca, Pfizer/BioNTech, Sinopharm/Beijing",World Health Organization,https://covid19.who.int/
Afghanistan,AFG,2021-12-09,,,,,15263.0,,,,383.0,"Johnson&Johnson, Oxford/AstraZeneca, Pfizer/BioNTech, Sinopharm/Beijing",World Health Organization,https://covid19.who.int/
Afghanistan,AFG,2021-12-10,,,,,15263.0,,,,383.0,"Johnson&Johnson, Oxford/AstraZeneca, Pfizer/BioNTech, Sinopharm/Beijing",World Health Organization,https://covid19.who.int/
Afghanistan,AFG,2021-12-11,,,,,15263.0,,,,383.0,"Johnson&Johnson, Oxford/AstraZeneca, Pfizer/BioNTech, Sinopharm/Beijing",World Health Organization,https://covid19.who.int/
Afghanistan,AFG,2021-12-12,,,,,15263.0,,,,383.0,"Johnson&Johnson, Oxford/AstraZeneca, Pfizer/BioNTech, Sinopharm/Beijing",World Health Organization,https://covid19.who.int/
Afghanistan,AFG,2021-12-13,,,,,15263.0,,,,383.0,"Johnson&Johnson, Oxford/AstraZeneca, Pfizer/BioNTech, Sinopharm/Beijing",World Health Organization,https://covid19.who.int/
Afghanistan,AFG,2021-12-14,,,,,15263.0,,,,383.0,"Johnson&Johnson, Oxford/AstraZeneca, Pfizer/BioNTech, Sinopharm/Beijing",World Health Organization,https://covid19.who.int/
Afghanistan,AFG,2021-12-15,,,,,15263.0,,,,383.0,"Johnson&Johnson, Oxford/AstraZeneca, Pfizer/BioNTech, Sinopharm/Beijing",World Health Organization,https://covid19.who.int/
Afghanistan,AFG,2021-12-16,,,,,15263.0,,,,383.0,"Johnson&Johnson, Oxford/AstraZeneca, Pfizer/BioNTech, Sinopharm/Beijing",World Health Organization,https://covid19.who.int/
Afghanistan,AFG,2021-12-17,,,,,15263.0,,,,383.0,"Johnson&Johnson, Oxford/AstraZeneca, Pfizer/BioNTech, Sinopharm/Beijing",World Health Organization,https://covid19.who.int/
Afghanistan,AFG,2021-12-18,,,,,15263.0,,,,383.0,"Johnson&Johnson, Oxford/AstraZeneca, Pfizer/BioNTech, Sinopharm/Beijing",World Health Organization,https://covid19.who.int/
Afghanistan,AFG,2021-12-19,,,,,15263.0,,,,383.0,"Johnson&Johnson, Oxford/AstraZeneca, Pfizer/BioNTech, Sinopharm/Beijing",World Health Organization,https://covid19.who.int/
Afghanistan,AFG,2021-12-20,,,,,15263.0,,,,383.0,"Johnson&Johnson, Oxford/AstraZeneca, Pfizer/BioNTech, Sinopharm/Beijing",World Health Organization,https://covid19.who.int/
Afghanistan,AFG,2021-12-21,,,,,15263.0,,,,383.0,"Johnson&Johnson, Oxford/AstraZeneca, Pfizer/BioNTech, Sinopharm/Beijing",World Health Organization,https://covid19.who.int/
Afghanistan,AFG,2021-12-22,,,,,15263.0,,,,383.0,"Johnson&Johnson, Oxford/AstraZeneca, Pfizer/BioNTech, Sinopharm/Beijing",World Health Organization,https://covid19.who.int/
Afghanistan,AFG,2021-12-23,,,,,15263.0,,,,383.0,"Johnson&Johnson, Oxford/AstraZeneca, Pfizer/BioNTech, Sinopharm/Beijing",World Health Organization,https://covid19.who.int/
Afghanistan,AFG,2021-12-24,,,,,15263.0,,,,383.0,"Johnson&Johnson, Oxford/AstraZeneca, Pfizer/BioNTech, Sinopharm/Beijing",World Health Organization,https://covid19.who.int/
Afghanistan,AFG,2021-12-25,,,,,15263.0,,,,383.0,"Johnson&Johnson, Oxford/AstraZeneca, Pfizer/BioNTech, Sinopharm/Beijing",World Health Organization,https://covid19.who.int/
Afghanistan,AFG,2021-12-26,,,,,15263.0,,,,383.0,"Johnson&Johnson, Oxford/AstraZeneca, Pfizer/BioNTech, Sinopharm/Beijing",World Health Organization,https://covid19.who.int/
Afghanistan,AFG,2021-12-27,4674518.0,4142857.0,3753224.0,,15263.0,11.73,10.4,9.42,383.0,"Johnson&Johnson, Oxford/AstraZeneca, Pfizer/BioNTech, Sinopharm/Beijing",World Health Organization,https://covid19.who.int/
Afghanistan,AFG,2021-12-28,,,,,15598.0,,,,392.0,"Johnson&Johnson, Oxford/AstraZeneca, Pfizer/BioNTech, Sinopharm/Beijing",World Health Organization,https://covid19.who.int/
Afghanistan,AFG,2021-12-29,,,,,15932.0,,,,400.0,"Johnson&Johnson, Oxford/AstraZeneca, Pfizer/BioNTech, Sinopharm/Beijing",World Health Organization,https://covid19.who.int/
Afghanistan,AFG,2021-12-30,,,,,16266.0,,,,408.0,"Johnson&Johnson, Oxford/AstraZeneca, Pfizer/BioNTech, Sinopharm/Beijing",World Health Organization,https://covid19.who.int/
Afghanistan,AFG,2021-12-31,,,,,16601.0,,,,417.0,"Johnson&Johnson, Oxford/AstraZeneca, Pfizer/BioNTech, Sinopharm/Beijing",World Health Organization,https://covid19.who.int/
Afghanistan,AFG,2022-01-01,,,,,16935.0,,,,425.0,"Johnson&Johnson, Oxford/AstraZeneca, Pfizer/BioNTech, Sinopharm/Beijing",World Health Organization,https://covid19.who.int/
Afghanistan,AFG,2022-01-02,,,,,17269.0,,,,434.0,"Johnson&Johnson, Oxford/AstraZeneca, Pfizer/BioNTech, Sinopharm/Beijing",World Health Organization,https://covid19.who.int/
Afghanistan,AFG,2022-01-03,,,,,17604.0,,,,442.0,"Johnson&Johnson, Oxford/AstraZeneca, Pfizer/BioNTech, Sinopharm/Beijing",World Health Organization,https://covid19.who.int/
Afghanistan,AFG,2022-01-04,,,,,17604.0,,,,442.0,"Johnson&Johnson, Oxford/AstraZeneca, Pfizer/BioNTech, Sinopharm/Beijing",World Health Organization,https://covid19.who.int/
Afghanistan,AFG,2022-01-05,,,,,17604.0,,,,442.0,"Johnson&Johnson, Oxford/AstraZeneca, Pfizer/BioNTech, Sinopharm/Beijing",World Health Organization,https://covid19.who.int/
Afghanistan,AFG,2022-01-06,,,,,17604.0,,,,442.0,"Johnson&Johnson, Oxford/AstraZeneca, Pfizer/BioNTech, Sinopharm/Beijing",World Health Organization,https://covid19.who.int/
Afghanistan,AFG,2022-01-07,,,,,17604.0,,,,442.0,"Johnson&Johnson, Oxford/AstraZeneca, Pfizer/BioNTech, Sinopharm/Beijing",World Health Organization,https://covid19.who.int/
Afghanistan,AFG,2022-01-08,,,,,17604.0,,,,442.0,"Johnson&Johnson, Oxford/AstraZeneca, Pfizer/BioNTech, Sinopharm/Beijing",World Health Organization,https://covid19.who.int/
Afghanistan,AFG,2022-01-09,4903368.0,4358570.0,3809353.0,,17604.0,12.31,10.94,9.56,442.0,"Johnson&Johnson, Oxford/AstraZeneca, Pfizer/BioNTech, Sinopharm/Beijing",World Health Organization,https://covid19.who.int/
Afghanistan,AFG,2022-01-10,,,,,16642.0,,,,418.0,"Johnson&Johnson, Oxford/AstraZeneca, Pfizer/BioNTech, Sinopharm/Beijing",World Health Organization,https://covid19.who.int/
Afghanistan,AFG,2022-01-11,4925111.0,4378818.0,3814837.0,,15680.0,12.36,10.99,9.58,394.0,"Johnson&Johnson, Oxford/AstraZeneca, Pfizer/BioNTech, Sinopharm/Beijing",World Health Organization,https://covid19.who.int/
Afghanistan,AFG,2022-01-12,,,,,15287.0,,,,384.0,"Johnson&Johnson, Oxford/AstraZeneca, Pfizer/BioNTech, Sinopharm/Beijing",World Health Organization,https://covid19.who.int/
Afghanistan,AFG,2022-01-13,4954809.0,4405897.0,3823786.0,,14893.0,12.44,11.06,9.6,374.0,"Johnson&Johnson, Oxford/AstraZeneca, Pfizer/BioNTech, Sinopharm/Beijing",World Health Organization,https://covid19.who.int/
Afghanistan,AFG,2022-01-14,,,,,13458.0,,,,338.0,"Johnson&Johnson, Oxford/AstraZeneca, Pfizer/BioNTech, Sinopharm/Beijing",World Health Organization,https://covid19.who.int/
Afghanistan,AFG,2022-01-15,,,,,12023.0,,,,302.0,"Johnson&Johnson, Oxford/AstraZeneca, Pfizer/BioNTech, Sinopharm/Beijing",World Health Organization,https://covid19.who.int/
Afghanistan,AFG,2022-01-16,,,,,10588.0,,,,266.0,"Johnson&Johnson, Oxford/AstraZeneca, Pfizer/BioNTech, Sinopharm/Beijing",World Health Organization,https://covid19.who.int/
Afghanistan,AFG,2022-01-17,4985047.0,4432926.0,3832821.0,,10115.0,12.51,11.13,9.62,254.0,"Johnson&Johnson, Oxford/AstraZeneca, Pfizer/BioNTech, Sinopharm/Beijing",World Health Organization,https://covid19.who.int/
Afghanistan,AFG,2022-01-18,,,,,9920.0,,,,249.0,"Johnson&Johnson, Oxford/AstraZeneca, Pfizer/BioNTech, Sinopharm/Beijing",World Health Organization,https://covid19.who.int/
Afghanistan,AFG,2022-01-19,5004050.0,4450211.0,3836731.0,,9156.0,12.56,11.17,9.63,230.0,"Johnson&Johnson, Oxford/AstraZeneca, Pfizer/BioNTech, Sinopharm/Beijing",World Health Organization,https://covid19.who.int/
Afghanistan,AFG,2022-01-20,,,,,8235.0,,,,207.0,"Johnson&Johnson, Oxford/AstraZeneca, Pfizer/BioNTech, Sinopharm/Beijing",World Health Organization,https://covid19.who.int/
Afghanistan,AFG,2022-01-21,,,,,8355.0,,,,210.0,"Johnson&Johnson, Oxford/AstraZeneca, Pfizer/BioNTech, Sinopharm/Beijing",World Health Organization,https://covid19.who.int/
Afghanistan,AFG,2022-01-22,,,,,8475.0,,,,213.0,"Johnson&Johnson, Oxford/AstraZeneca, Pfizer/BioNTech, Sinopharm/Beijing",World Health Organization,https://covid19.who.int/
Afghanistan,AFG,2022-01-23,,,,,8595.0,,,,216.0,"Johnson&Johnson, Oxford/AstraZeneca, Pfizer/BioNTech, Sinopharm/Beijing",World Health Organization,https://covid19.who.int/
Afghanistan,AFG,2022-01-24,5046054.0,4486527.0,3851307.0,,8715.0,12.67,11.26,9.67,219.0,"Johnson&Johnson, Oxford/AstraZeneca, Pfizer/BioNTech, Sinopharm/Beijing",World Health Organization,https://covid19.who.int/
Afghanistan,AFG,2022-01-25,,,,,9368.0,,,,235.0,"Johnson&Johnson, Oxford/AstraZeneca, Pfizer/BioNTech, Sinopharm/Beijing",World Health Organization,https://covid19.who.int/
Afghanistan,AFG,2022-01-26,5074196.0,4511372.0,3866279.0,,10021.0,12.74,11.33,9.71,252.0,"Johnson&Johnson, Oxford/AstraZeneca, Pfizer/BioNTech, Sinopharm/Beijing",World Health Organization,https://covid19.who.int/
Afghanistan,AFG,2022-01-27,5081064.0,4517380.0,3868832.0,6868.0,9802.0,12.76,11.34,9.71,246.0,"Johnson&Johnson, Oxford/AstraZeneca, Pfizer/BioNTech, Sinopharm/Beijing",World Health Organization,https://covid19.who.int/
Afghanistan,AFG,2022-01-28,,,,,10176.0,,,,255.0,"Johnson&Johnson, Oxford/AstraZeneca, Pfizer/BioNTech, Sinopharm/Beijing",World Health Organization,https://covid19.who.int/
Afghanistan,AFG,2022-01-29,,,,,10550.0,,,,265.0,"Johnson&Johnson, Oxford/AstraZeneca, Pfizer/BioNTech, Sinopharm/Beijing",World Health Organization,https://covid19.who.int/
Afghanistan,AFG,2022-01-30,,,,,10925.0,,,,274.0,"Johnson&Johnson, Oxford/AstraZeneca, Pfizer/BioNTech, Sinopharm/Beijing",World Health Organization,https://covid19.who.int/
Afghanistan,AFG,2022-01-31,5125146.0,4554648.0,3892831.0,,11299.0,12.87,11.43,9.77,284.0,"Johnson&Johnson, Oxford/AstraZeneca, Pfizer/BioNTech, Sinopharm/Beijing",World Health Organization,https://covid19.who.int/
Afghanistan,AFG,2022-02-01,,,,,11228.0,,,,282.0,"Johnson&Johnson, Oxford/AstraZeneca, Pfizer/BioNTech, Sinopharm/Beijing",World Health Organization,https://covid19.who.int/
Afghanistan,AFG,2022-02-02,5152297.0,4577740.0,3912336.0,,11157.0,12.93,11.49,9.82,280.0,"Johnson&Johnson, Oxford/AstraZeneca, Pfizer/BioNTech, Sinopharm/Beijing",World Health Organization,https://covid19.who.int/
Afghanistan,AFG,2022-02-03,,,,,12025.0,,,,302.0,"Johnson&Johnson, Oxford/AstraZeneca, Pfizer/BioNTech, Sinopharm/Beijing",World Health Organization,https://covid19.who.int/
Afghanistan,AFG,2022-02-04,,,,,12299.0,,,,309.0,"Johnson&Johnson, Oxford/AstraZeneca, Pfizer/BioNTech, Sinopharm/Beijing",World Health Organization,https://covid19.who.int/
Afghanistan,AFG,2022-02-05,,,,,12573.0,,,,316.0,"Johnson&Johnson, Oxford/AstraZeneca, Pfizer/BioNTech, Sinopharm/Beijing",World Health Organization,https://covid19.who.int/
Afghanistan,AFG,2022-02-06,,,,,12847.0,,,,323.0,"Johnson&Johnson, Oxford/AstraZeneca, Pfizer/BioNTech, Sinopharm/Beijing",World Health Organization,https://covid19.who.int/
Afghanistan,AFG,2022-02-07,5216998.0,4634282.0,3959887.0,,13122.0,13.1,11.63,9.94,329.0,"Johnson&Johnson, Oxford/AstraZeneca, Pfizer/BioNTech, Sinopharm/Beijing",World Health Organization,https://covid19.who.int/
Afghanistan,AFG,2022-02-08,,,,,13311.0,,,,334.0,"Johnson&Johnson, Oxford/AstraZeneca, Pfizer/BioNTech, Sinopharm/Beijing",World Health Organization,https://covid19.who.int/
Afghanistan,AFG,2022-02-09,,,,,13501.0,,,,339.0,"Johnson&Johnson, Oxford/AstraZeneca, Pfizer/BioNTech, Sinopharm/Beijing",World Health Organization,https://covid19.who.int/
Afghanistan,AFG,2022-02-10,,,,,13781.0,,,,346.0,"Johnson&Johnson, Oxford/AstraZeneca, Pfizer/BioNTech, Sinopharm/Beijing",World Health Organization,https://covid19.who.int/
Afghanistan,AFG,2022-02-11,,,,,14061.0,,,,353.0,"Johnson&Johnson, Oxford/AstraZeneca, Pfizer/BioNTech, Sinopharm/Beijing",World Health Organization,https://covid19.who.int/
Afghanistan,AFG,2022-02-12,,,,,14341.0,,,,360.0,"Johnson&Johnson, Oxford/AstraZeneca, Pfizer/BioNTech, Sinopharm/Beijing",World Health Organization,https://covid19.who.int/
Afghanistan,AFG,2022-02-13,,,,,14621.0,,,,367.0,"Johnson&Johnson, Oxford/AstraZeneca, Pfizer/BioNTech, Sinopharm/Beijing",World Health Organization,https://covid19.who.int/
Afghanistan,AFG,2022-02-14,5321308.0,4723416.0,4043580.0,,14901.0,13.36,11.86,10.15,374.0,"Johnson&Johnson, Oxford/AstraZeneca, Pfizer/BioNTech, Sinopharm/Beijing",World Health Organization,https://covid19.who.int/
Afghanistan,AFG,2022-02-15,,,,,14939.0,,,,375.0,"Johnson&Johnson, Oxford/AstraZeneca, Pfizer/BioNTech, Sinopharm/Beijing",World Health Organization,https://covid19.who.int/
Afghanistan,AFG,2022-02-16,,,,,14977.0,,,,376.0,"Johnson&Johnson, Oxford/AstraZeneca, Pfizer/BioNTech, Sinopharm/Beijing",World Health Organization,https://covid19.who.int/
Afghanistan,AFG,2022-02-17,,,,,15015.0,,,,377.0,"Johnson&Johnson, Oxford/AstraZeneca, Pfizer/BioNTech, Sinopharm/Beijing",World Health Organization,https://covid19.who.int/
Afghanistan,AFG,2022-02-18,,,,,15053.0,,,,378.0,"Johnson&Johnson, Oxford/AstraZeneca, Pfizer/BioNTech, Sinopharm/Beijing",World Health Organization,https://covid19.who.int/
Afghanistan,AFG,2022-02-19,,,,,15091.0,,,,379.0,"Johnson&Johnson, Oxford/AstraZeneca, Pfizer/BioNTech, Sinopharm/Beijing",World Health Organization,https://covid19.who.int/
Afghanistan,AFG,2022-02-20,5412309.0,4801524.0,4125717.0,,15129.0,13.59,12.05,10.36,380.0,"Johnson&Johnson, Oxford/AstraZeneca, Pfizer/BioNTech, Sinopharm/Beijing",World Health Organization,https://covid19.who.int/
Afghanistan,AFG,2022-02-21,,,,,15509.0,,,,389.0,"Johnson&Johnson, Oxford/AstraZeneca, Pfizer/BioNTech, Sinopharm/Beijing",World Health Organization,https://covid19.who.int/
Afghanistan,AFG,2022-02-22,,,,,15852.0,,,,398.0,"Johnson&Johnson, Oxford/AstraZeneca, Pfizer/BioNTech, Sinopharm/Beijing",World Health Organization,https://covid19.who.int/
Afghanistan,AFG,2022-02-23,,,,,16194.0,,,,407.0,"Johnson&Johnson, Oxford/AstraZeneca, Pfizer/BioNTech, Sinopharm/Beijing",World Health Organization,https://covid19.who.int/
Afghanistan,AFG,2022-02-24,,,,,16536.0,,,,415.0,"Johnson&Johnson, Oxford/AstraZeneca, Pfizer/BioNTech, Sinopharm/Beijing",World Health Organization,https://covid19.who.int/
Afghanistan,AFG,2022-02-25,,,,,16879.0,,,,424.0,"Johnson&Johnson, Oxford/AstraZeneca, Pfizer/BioNTech, Sinopharm/Beijing",World Health Organization,https://covid19.who.int/
Afghanistan,AFG,2022-02-26,,,,,17221.0,,,,432.0,"Johnson&Johnson, Oxford/AstraZeneca, Pfizer/BioNTech, Sinopharm/Beijing",World Health Organization,https://covid19.who.int/
Afghanistan,AFG,2022-02-27,5535254.0,4907058.0,4231984.0,,17564.0,13.9,12.32,10.62,441.0,"Johnson&Johnson, Oxford/AstraZeneca, Pfizer/BioNTech, Sinopharm/Beijing",World Health Organization,https://covid19.who.int/
Afghanistan,AFG,2022-02-28,,,,,16317.0,,,,410.0,"Johnson&Johnson, Oxford/AstraZeneca, Pfizer/BioNTech, Sinopharm/Beijing",World Health Organization,https://covid19.who.int/
Afghanistan,AFG,2022-03-01,,,,,15071.0,,,,378.0,"Johnson&Johnson, Oxford/AstraZeneca, Pfizer/BioNTech, Sinopharm/Beijing",World Health Organization,https://covid19.who.int/
Afghanistan,AFG,2022-03-02,,,,,13825.0,,,,347.0,"Johnson&Johnson, Oxford/AstraZeneca, Pfizer/BioNTech, Sinopharm/Beijing",World Health Organization,https://covid19.who.int/
Afghanistan,AFG,2022-03-03,,,,,12578.0,,,,316.0,"Johnson&Johnson, Oxford/AstraZeneca, Pfizer/BioNTech, Sinopharm/Beijing",World Health Organization,https://covid19.who.int/
Afghanistan,AFG,2022-03-04,,,,,11332.0,,,,284.0,"Johnson&Johnson, Oxford/AstraZeneca, Pfizer/BioNTech, Sinopharm/Beijing",World Health Organization,https://covid19.who.int/
Afghanistan,AFG,2022-03-05,,,,,10086.0,,,,253.0,"Johnson&Johnson, Oxford/AstraZeneca, Pfizer/BioNTech, Sinopharm/Beijing",World Health Organization,https://covid19.who.int/
Afghanistan,AFG,2022-03-06,5597130.0,4952744.0,4281934.0,,8839.0,14.05,12.43,10.75,222.0,"Johnson&Johnson, Oxford/AstraZeneca, Pfizer/BioNTech, Sinopharm/Beijing",World Health Organization,https://covid19.who.int/
Afghanistan,AFG,2022-03-07,,,,,9317.0,,,,234.0,"Johnson&Johnson, Oxford/AstraZeneca, Pfizer/BioNTech, Sinopharm/Beijing",World Health Organization,https://covid19.who.int/
Afghanistan,AFG,2022-03-08,,,,,9795.0,,,,246.0,"Johnson&Johnson, Oxford/AstraZeneca, Pfizer/BioNTech, Sinopharm/Beijing",World Health Organization,https://covid19.who.int/
Afghanistan,AFG,2022-03-09,,,,,10273.0,,,,258.0,"Johnson&Johnson, Oxford/AstraZeneca, Pfizer/BioNTech, Sinopharm/Beijing",World Health Organization,https://covid19.who.int/
Afghanistan,AFG,2022-03-10,,,,,10750.0,,,,270.0,"Johnson&Johnson, Oxford/AstraZeneca, Pfizer/BioNTech, Sinopharm/Beijing",World Health Organization,https://covid19.who.int/
Afghanistan,AFG,2022-03-11,,,,,11228.0,,,,282.0,"Johnson&Johnson, Oxford/AstraZeneca, Pfizer/BioNTech, Sinopharm/Beijing",World Health Organization,https://covid19.who.int/
Afghanistan,AFG,2022-03-12,,,,,11706.0,,,,294.0,"Johnson&Johnson, Oxford/AstraZeneca, Pfizer/BioNTech, Sinopharm/Beijing",World Health Organization,https://covid19.who.int/
Afghanistan,AFG,2022-03-13,,,,,12183.0,,,,306.0,"Johnson&Johnson, Oxford/AstraZeneca, Pfizer/BioNTech, Sinopharm/Beijing",World Health Organization,https://covid19.who.int/
Afghanistan,AFG,2022-03-14,,,,,12183.0,,,,306.0,"Johnson&Johnson, Oxford/AstraZeneca, Pfizer/BioNTech, Sinopharm/Beijing",World Health Organization,https://covid19.who.int/
Afghanistan,AFG,2022-03-15,,,,,12183.0,,,,306.0,"Johnson&Johnson, Oxford/AstraZeneca, Pfizer/BioNTech, Sinopharm/Beijing",World Health Organization,https://covid19.who.int/
Afghanistan,AFG,2022-03-16,,,,,12183.0,,,,306.0,"Johnson&Johnson, Oxford/AstraZeneca, Pfizer/BioNTech, Sinopharm/Beijing",World Health Organization,https://covid19.who.int/
Afghanistan,AFG,2022-03-17,5731146.0,5066540.0,4402868.0,,12183.0,14.39,12.72,11.05,306.0,"Johnson&Johnson, Oxford/AstraZeneca, Pfizer/BioNTech, Sinopharm/Beijing",World Health Organization,https://covid19.who.int/
Afghanistan,AFG,2022-03-18,,,,,11010.0,,,,276.0,"Johnson&Johnson, Oxford/AstraZeneca, Pfizer/BioNTech, Sinopharm/Beijing",World Health Organization,https://covid19.who.int/
Afghanistan,AFG,2022-03-19,,,,,9838.0,,,,247.0,"Johnson&Johnson, Oxford/AstraZeneca, Pfizer/BioNTech, Sinopharm/Beijing",World Health Organization,https://covid19.who.int/
Afghanistan,AFG,2022-03-20,,,,,8665.0,,,,218.0,"Johnson&Johnson, Oxford/AstraZeneca, Pfizer/BioNTech, Sinopharm/Beijing",World Health Organization,https://covid19.who.int/
Afghanistan,AFG,2022-03-21,,,,,7492.0,,,,188.0,"Johnson&Johnson, Oxford/AstraZeneca, Pfizer/BioNTech, Sinopharm/Beijing",World Health Organization,https://covid19.who.int/
Afghanistan,AFG,2022-03-22,5751015.0,5082824.0,4420127.0,,6319.0,14.44,12.76,11.1,159.0,"Johnson&Johnson, Oxford/AstraZeneca, Pfizer/BioNTech, Sinopharm/Beijing",World Health Organization,https://covid19.who.int/
